{"cameraMode":{"drawMode":0,"name":"Shaded","section":"Shading Mode"},"sceneLighting":true,"audioPlay":false,"sceneViewState":{"showFog":true,"showMaterialUpdate":false,"showSkybox":true,"showFlares":true,"showImageEffects":true,"showParticleSystems":true},"in2DMode":false,"pivot":{"x":-0.622312068939209,"y":1.9352366924285889,"z":-0.46059656143188479},"rotation":{"x":-0.09759827703237534,"y":0.5691959261894226,"z":-0.06828583776950836,"w":-0.8135279417037964},"size":6.07915735244751,"orthographic":false}