{"cameraMode":{"drawMode":0,"name":"Shaded","section":"Shading Mode"},"sceneLighting":false,"audioPlay":false,"sceneViewState":{"showFog":true,"showMaterialUpdate":false,"showSkybox":true,"showFlares":true,"showImageEffects":true,"showParticleSystems":true},"in2DMode":false,"pivot":{"x":1.2810391187667847,"y":-0.012925148010253907,"z":0.376051664352417},"rotation":{"x":0.31297433376312258,"y":-0.149605855345726,"z":0.04999298229813576,"w":0.9365713596343994},"size":5.384922027587891,"orthographic":false}